{"Loss": 0.0173126682639122, "_runtime": 10, "_timestamp": 1631641353, "_step": 399, "Val Loss": 0.10913895815610886, "Acc": 87.69999999999999, "Val Acc": 18.8, "_wandb": {"runtime": 8}}