{"Loss": 0.003668820718303323, "_runtime": 31, "_timestamp": 1631642386, "_step": 399, "Val Loss": 0.1494293361902237, "Acc": 99.15, "Val Acc": 4.6, "_wandb": {"runtime": 28}}